,JAN,FEB,MAR,APR,MAY,JUN,JUL,AUG,SEP,OCT,NOV,DEC
Amphitrite_Point_-_Average_Monthly_Sea_Surface_Temperatures_1934-2022.csv,8.099999999999998,8.128,8.637,9.899000000000001,11.183666666666662,12.035000000000002,13.09733333333333,13.722666666666665,13.292,11.785666666666668,10.071666666666667,8.677000000000001
Bonilla_Island_-_Average_Monthly_Sea_Surface_Temperatures_1960-2021.csv,6.968666666666667,6.827333333333333,6.996666666666668,8.084333333333333,9.665517241379309,11.265000000000002,12.351034482758621,12.555172413793104,12.254,10.789333333333332,8.936333333333334,7.626000000000001
Chrome_Island_-_Average_Monthly_Sea_Surface_Temperatures_1961-2022.csv,7.895333333333332,7.831,8.385,9.806896551724138,12.942413793103448,15.626785714285711,17.927931034482757,18.01137931034483,15.20448275862069,11.91758620689655,9.815333333333335,8.483
Entrance_Island_-_Average_Monthly_Sea_Surface_Temperatures_1936-2022.csv,7.289285714285714,7.428928571428571,8.11896551724138,9.858620689655174,12.969629629629626,15.923214285714282,17.940714285714286,18.28357142857143,15.621111111111112,11.926666666666666,9.531,7.994999999999999
Kains_Island_-_Average_Monthly_Sea_Surface_Temperatures_1935-2022.csv,7.959999999999999,7.887,8.204999999999998,9.285333333333332,10.807333333333336,12.248333333333331,13.400333333333334,13.98333333333333,13.583666666666666,11.632666666666665,9.717666666666668,8.526000000000002
Langara_Island_-_Average_Monthly_Sea_Surface_Temperatures_1936-2022.csv,7.041724137931034,6.852,6.804137931034484,7.532142857142858,8.58206896551724,9.980689655172416,11.334827586206895,12.086896551724134,12.221666666666668,10.92633333333333,9.114,7.727931034482757
Pine_Island_-_Average_Monthly_Sea_Surface_Temperatures_1937-2022.csv,7.862222222222222,7.875,7.955333333333333,8.595862068965518,9.45103448275862,10.029999999999998,10.579333333333333,10.735517241379311,10.450689655172415,10.101000000000003,9.348275862068965,8.413214285714286
Race_Rocks_-_Average_Monthly_Sea_Surface_Temperatures_1921-2022.csv,7.914,7.8982758620689655,8.28344827586207,8.962333333333335,9.930333333333332,10.642333333333335,11.328999999999999,11.624333333333334,11.27266666666667,10.333999999999998,9.244333333333332,8.378999999999998
