,Least-squares entire trend [deg C/century],Least-squares abridged trend [deg C/century],Theil-Sen entire trend [deg C/century],Monte Carlo confidence limit [deg C/century],Least-squares y-intercept
Amphitrite monthly,0.8261824105747106,0.8261824105747106,0.847488604682037,0.3500188857476737,-16.57957892771634
Bonilla monthly,1.0281547494044088,1.0281547494044088,0.9353965878479368,0.5335796954033643,-20.61587387172026
Chrome monthly,2.5765986772352654,2.5765986772352654,2.531923436416451,1.0341100286770475,-51.757745802500494
Entrance monthly,1.276006264533984,1.3365486165312497,1.2637452814705332,0.8690951261644948,-25.748471220964937
Kains monthly,0.7660536379102928,0.7660536379102928,0.7843526839932016,0.5864786227529264,-15.45529799826609
Langara monthly,0.8266649073414403,0.875895285781252,0.7830889908481069,0.6321253266108249,-16.64900652837737
Pine monthly,1.2566358649479294,1.2566358649479294,1.1898225644459348,0.6721623655158706,-25.250878968397345
RaceRocks monthly,0.7792553106284374,0.7792553106284374,0.798099762470306,0.5691675890379307,-15.782754398974655
